Date,Base: Total ($ Mil),Base: Currency in Circulation ($ Mil),Balance Sheet: Total Assets ($ Mil),"Balance Sheet Securities, Prem-Disc, Repos, and Loans ($ Mil)",Balance Sheet: Securities Held Outright ($ Mil),Balance Sheet: U.S. Treasuries Held Outright ($ Mil),Balance Sheet: Federal Agency Debt Securities ($ Mil),Balance Sheet: Mortgage-Backed Securities ($ Mil),Balance Sheet: Repos ($ Mil),Balance Sheet: Central Bank Liquidity Swaps ($ Mil),Balance Sheet: Direct Lending ($ Mil),Balance Sheet: Unamortized Security Premiums ($ Mil),Balance Sheet: Total Liabilities ($ Mil),Balance Sheet: Federal Reserve Notes Outstanding ($ Mil),Balance Sheet: Reverse Repos ($ Mil),Balance Sheet: Excess Reserves ($ Mil),Balance Sheet: Required Reserves ($ Mil),Balance Sheet: Total Reserves ($ Mil),Balance Sheet: Deposits from Dep. Institutions ($ Mil),Balance Sheet: U.S. Treasury General Account ($ Mil),Balance Sheet: Other Deposits ($ Mil),Balance Sheet: All Deposits ($ Mil),Federal Funds Target (Pre-Crisis),Federal Funds (Upper) Target,Effective Federal Funds Rate,Interest on Excess Reserves,Vault Cash ($ Mil),Vault Cash Used as Req. ($ Mil)
1/31/2000,601900,594.67875,,,,,,,,,,,,,,2246,3181,5.427,,,0.4085,,5.5,,5.448387097,,72445,39.064
2/29/2000,578000,566.14375,,,,,,,,,,,,,,1159.5,3505,4.66425,,,0.243,,5.74137931,,5.734827586,,69823.5,37.022
3/31/2000,577100,563.705,,,,,,,,,,,,,,1136.2,5293,6.1262,,,0.2094,,5.838709677,,5.853548387,,49108.4,33.233
4/30/2000,578600,564.7335,,,,,,,,,,,,,,1223.5,5830.5,7.018,,,0.2675,,6,,6.019666667,,46876,33.508
5/31/2000,580600,565.8356,,,,,,,,,,,,,,974.2,6692.6,7.997,,,0.2506,,6.258064516,,6.268064516,,44636.4,33.894
6/30/2000,582000,568.333,,,,,,,,,,,,,,1107,5494.5,6.598,,,0.2365,,6.5,,6.528333333,,44473.5,32.753
7/31/2000,584200,571.216,,,,,,,,,,,,,,1165,5524.5,6.689,,,0.2325,,6.5,,6.544516129,,45354,33.082
8/31/2000,583400,569.3134,,,,,,,,,,,,,,1053.4,5968.2,6.8302,,,0.237,,6.5,,6.496774194,,45504.4,32.535
9/30/2000,583800,570.677,,,,,,,,,,,,,,1131.5,5708.75,6.6145,,,0.2315,,6.5,,6.517,,44784.75,32.329
10/31/2000,585300,571.4805,,,,,,,,,,,,,,1153,5578.75,6.68425,,,0.243,,6.5,,6.509354839,,45393.75,32.039
11/30/2000,590300,575.0024,,,,,,,,,,,,,,1203.4,5841.4,7.4542,,,0.236,,6.5,,6.514333333,,44676.4,31.611
12/31/2000,598300,583.118,,,,,,,,,,,,,,1293.5,5641,6.934,,,0.24675,,6.5,,6.402258065,,44952.5,31.451
1/31/2001,598700,585.106,,,,,,,,,,,,,,1290.4,5621,6.783,,,0.3952,,6.016129032,,5.975806452,,47603.2,32.685
2/28/2001,595900,582.52425,,,,,,,,,,,,,,1345.25,5034.75,6.2825,,,0.30225,,5.5,,5.494285714,,48534.75,32.765
3/31/2001,599100,585.0815,,,,,,,,,,,,,,1214,5312,6.3995,,,0.26175,,5.306451613,,5.310967742,,44099,30.991
4/30/2001,601700,587.92775,,,,,,,,,,,,,,1303,5476.25,6.361,,,0.341,,4.783333333,,4.802,,43759.75,31.729
5/31/2001,605900,590.8734,,,,,,,,,,,,,,1039.8,6552.6,8.2328,,,0.3506,,4.225806452,,4.212258065,,43357.6,31.771
6/30/2001,609100,594.37,,,,,,,,,,,,,,1217,5660,6.8765,,,0.3015,,3.966666667,,3.969666667,,43014,31.174
7/31/2001,616000,600.38675,,,,,,,,,,,,,,1467.5,6188,7.6555,,,0.299,,3.75,,3.769032258,,43809,31.644
8/31/2001,622400,606.1326,,,,,,,,,,,,,,1181.6,6364.6,7.2238,,,0.3046,,3.661290323,,3.652580645,,44200,32.091
9/30/2001,647200,613.55825,,,,,,,,,,,,,,20087.5,6607.75,26.70625,,,0.3585,,3.266666667,,3.069,,43290.25,31.938
10/31/2001,635200,615.0098,,,,,,,,,,,,,,1488.8,10292.8,12.0942,,,0.2546,,2.516129032,,2.48516129,,44951.4,32.559
11/30/2001,639500,621.8705,,,,,,,,,,,,,,1443,7390,8.833,,,0.26825,,2.083333333,,2.087,,43144,31.243
12/31/2001,650800,630.27575,,,,,,,,,,,,,,1617.5,7268,8.8855,,,0.22825,,1.830645161,,1.817741935,,43620.5,32.005
1/31/2002,653800,635.429,,,,,,,,,,,,,,1446.2,8534.4,9.6138,,,0.2562,,1.75,,1.729677419,,45416.2,33.731
2/28/2002,654600,635.884,,,,,,,,,,,,,,1377.25,7852.5,9.35575,,,0.23025,,1.75,,1.739642857,,45947,33.239
3/31/2002,659000,639.6975,,,,,,,,,,,,,,1370.25,7717.5,8.9205,,,0.22225,,1.75,,1.73,,42567.25,31.209
4/30/2002,663400,643.5795,,,,,,,,,,,,,,1263.5,8297,9.33975,,,0.25025,,1.75,,1.753,,42146.25,31.222
5/31/2002,668600,648.2932,,,,,,,,,,,,,,1256.2,8182.4,10.013,,,0.227,,1.75,,1.751290323,,41926.2,31.104
6/30/2002,674000,654.77375,,,,,,,,,,,,,,1191,6729,7.91775,,,0.239,,1.75,,1.750333333,,41410,30.7
7/31/2002,679300,660.9598,,,,,,,,,,,,,,1393.4,6623.6,7.8826,,,0.2274,,1.75,,1.729032258,,42823.8,31.38
8/31/2002,679800,660.558,,,,,,,,,,,,,,1533.75,6763.25,7.69925,,,0.211,,1.75,,1.743225806,,43116.5,31.375
9/30/2002,680400,662.18875,,,,,,,,,,,,,,1514.25,7147.75,8.677,,,0.22,,1.75,,1.750666667,,42081.25,30.2
10/31/2002,681900,662.238,,,,,,,,,,,,,,1567,7305.6,9.472,,,0.2218,,1.75,,1.75483871,,43087.2,29.892
11/30/2002,688500,667.44375,,,,,,,,,,,,,,1643,8099,9.74175,,,0.22775,,1.333333333,,1.336,,42236,29.457
12/31/2002,699200,676.472,725800.5,672844.5,629409.5,629399.5,10,0,33625,0,52,10811,707951.5,648745,21150.5,2043.5,7989.5,10.033,21322,5628.5,0.2145,27313.5,1.25,,1.238387097,,42821.5,30.347
1/31/2003,699300,679.4114,724718.4,671196.2,629416,629406,10,0,32100,0,19.4,10688,707521.4,646022.8,18920.4,1703.6,8269.4,9.5216,26136.8,5650.2,0.2686,32360.2,1.25,,1.23516129,,45800.6,32.794
2/28/2003,701000,679.83225,721326,668666.25,631911.75,631901.75,10,0,27185.5,0,10.5,10571.25,704108.25,648417.25,17715.25,1962.25,7791.5,9.644,23256.25,4637,0.24075,28276.25,1.25,,1.262142857,,46343.75,32.082
3/31/2003,705300,683.413,723651.25,672446,639168.25,639158.25,10,0,23625,0,11,10619.25,706357,651600.25,18133,1632.25,8266.25,9.6995,22239,4952.5,0.22275,27551.75,1.25,,1.252903226,,42882.25,30.76
4/30/2003,709600,687.0554,736926.4,685518.6,645508.6,645498.6,10,0,30350.2,0,31.8,10574.4,719367.2,655045.4,20125.2,1548.4,8937.6,11.183,25664.8,8352,0.261,34412.6,1.25,,1.258,,42255.8,30.578
5/31/2003,713700,690.52125,738358,686681.25,649282.75,649272.75,10,0,27813.5,0,59,10458.5,720685,658522.25,21076.5,1578.5,9868.5,11.44625,24635.5,6420.5,0.259,31440.5,1.25,,1.259032258,,41809,30.374
6/30/2003,715000,691.9535,738711.75,687867.5,651740.25,651730.25,10,0,26625,0,77.75,10347.75,721075.75,659309.5,21844.25,1995.5,9424,11.41975,23737.75,6387.25,0.2305,30520.5,1.2,,1.222666667,,41819.5,30.555
7/31/2003,717600,694.257,741656.2,689564.4,652645.4,652635.4,10,0,27500,0,115.2,10197,724013.8,661853.2,20126.6,1973.4,10104.2,11.8044,25747,6003.8,0.3082,32420.8,1,,1.011290323,,42890,31.415
8/31/2003,720900,694.6965,740216.5,689164.5,653382.25,653372.25,10,0,26437.5,0,182.5,10046.75,722451.25,662346.25,19415.75,3929,10132,13.8645,25036.25,6023.5,0.29775,31559.25,1,,1.029032258,,43433.5,31.965
9/30/2003,721100,697.699,743206.75,692457,655374.75,655364.75,10,0,27750,0,210.25,10018.75,725096.5,664377.75,19062.25,1507,11082.25,12.12775,25420.5,5912,0.2655,31877.25,1,,1.01,,42946.75,31.947
10/31/2003,724800,700.7062,747068.4,694078.4,656884.2,656874.2,10,0,28050,0,110.4,9920.8,729101,668124.2,19416,1541.4,10363.6,12.7038,26248.8,5101.8,0.2944,31840,1,,1.01,,44074.2,31.522
11/30/2003,730600,706.30525,747801.25,695294.5,661603,661593,10,0,24625,0,47.5,9919.75,729819,674419.5,18561,1608.5,9875,11.4835,22455.25,4945.25,0.301,27890.5,1,,0.996,,43365.5,31.129
12/31/2003,739400,716.1912,759809.6,706575.2,665937.2,665935.2,2,0,31600,0,68.4,9861.2,741706,683606.2,20153.6,1008.2,9920,11.0132,22606.2,5476.8,0.274,28543.8,1,,0.984193548,,44711,32.087
1/31/2004,736400,713.752,759938.25,703978.5,666852.5,666852.5,0,0,28250,0,45.5,9716.75,741801.5,678430.25,20184.25,884.5,10705.5,11.0355,26808,5825,0.43875,33060.25,1,,0.997096774,,46952,33.883
2/29/2004,735300,713.24975,753644.25,700107.25,669864,669864,0,0,21375,0,82.75,9674,735604,680241,19827,1181.75,9582,10.52225,19930.75,5297,0.36575,25670,1,,1.007241379,,47798.5,32.97
3/31/2004,736800,713.9232,755538,705855.8,673180.6,673180.6,0,0,23700,0,100.8,9763.8,737341,680746.6,19707,1721.2,10350.4,12.6226,23134.2,5163.2,0.2974,28689,1,,1.001612903,,45097.8,32.132
4/30/2004,741200,716.77825,762182,711391.75,675082.75,675082.75,0,0,27425,0,82.25,9671,743950.5,683640.5,19372.75,1822,12328.5,14.1505,27084.25,5472.25,0.32775,32987.5,1,,1.004,,43637,31.973
5/31/2004,745000,719.67925,762913.75,713320.75,678974.25,678974.25,0,0,25562.5,0,128,9553.75,744277,686838.75,19242,1673,12443.5,14.11575,24879,5051,0.28575,30279,1,,1.004516129,,43888.5,32.254
6/30/2004,750700,726.4372,770590,720779.4,684595.2,684595.2,0,0,27450,0,196.2,9538.4,751685.4,693418,18979.6,1897.8,11352.8,13.6536,25482.8,5421.6,0.2542,31284.2,1.008333333,,1.025666667,,44304.4,32.518
7/31/2004,757300,734.8275,776094.75,724881.25,691054.5,691054.5,0,0,25125,0,287.5,9502.75,757208.75,700691.5,19733,1709.75,11508.25,12.1865,24267.5,4402.5,0.28475,29053.25,1.25,,1.263548387,,45333.75,33.461
8/31/2004,757200,734.62,771095.5,721309.25,694270,694270,0,0,18500,0,257.25,9448,751796.25,700856.25,20869.5,1582.25,10664.25,12.0145,17883.75,4507.75,0.31975,22806,1.427419355,,1.429354839,,46044.5,33.455
9/30/2004,762200,738.1492,786291.4,736273.8,696441.6,696441.6,0,0,31400,0,293.2,9394,765947,704220.2,24060.2,1661,11570.8,13.839,23931,5596.4,0.2786,29873.6,1.583333333,,1.605,,45595.8,33.49
10/31/2004,763900,740.8165,788387.5,735510,703186.5,703186.5,0,0,24062.5,0,175.25,9410,767720.75,706902.75,25331.25,1729,10121.5,11.8505,21299.75,5102.25,0.3055,26798,1.75,,1.760967742,,47899.5,33.741
11/30/2004,770500,746.58125,798767.75,746095.25,709692,709692,0,0,28187.5,0,78.25,9531.75,777336.5,714067,27448,1807,10277,12.084,22167.75,4740.5,0.31225,27310.25,1.925,,1.932,,46964,33.543
12/31/2004,776300,753.3954,808972.6,756219.8,716623.8,716623.8,0,0,31600,0,60.2,9455,786259.4,719545.2,28310,1874.8,10171.2,11.4292,24790.2,4979,0.2694,30125.8,2.14516129,,2.156129032,,48062.6,34.802
1/31/2005,775200,750.197,807094.75,751636,717824,717824,0,0,26000,0,56,9337,783896.5,714447,28636.5,1803.25,11666.75,13.198,26731.25,5000.25,0.47575,32119.5,2.25,,2.279354839,,48837.75,36.365
2/28/2005,772900,750.38975,800556.75,746277,717868.75,717868.75,0,0,20625,0,41,9402.5,776658.5,716736.5,25761.75,1484.75,11273.5,13.19625,19931.75,4835.25,0.3,25160.5,2.491071429,,2.501785714,,48740.5,34.393
3/31/2005,773500,752.0834,802471.6,750621.4,717515.4,717515.4,0,0,25500,0,104,9276.8,777984,717920.2,24785.2,1749.2,10563.8,12.796,21658.8,4825.2,0.3168,26832.6,2.580645161,,2.629032258,,47613.6,33.892
4/30/2005,775500,753.66,803656,750767.25,717694.5,717694.5,0,0,25687.5,0,83.5,9152,778649.25,719289.25,23978,1699,11321,13.0195,21177.75,4978.5,0.30625,26544.25,2.75,,2.785,,46372,33.637
5/31/2005,776400,754.1845,805624,754343.5,721389.5,721389.5,0,0,25562.5,0,138,9124.5,780201.5,720269.75,25683.25,1458,10433.5,11.8915,20601.75,5053.5,0.321,26048.5,2.983870968,,3.002580645,,46997,34.408
6/30/2005,780700,759.9958,812643.2,761851.4,725678,725678,0,0,28650,0,177.6,9305,786982.6,725742.6,23886.8,1738,9514,11.1904,23082.6,5557.2,0.3,29047.4,3.008333333,,3.035666667,,47318.4,34.807
7/31/2005,782900,763.84725,815370,763457.5,724709.5,724709.5,0,0,31000,0,549.5,9212.25,789157.25,729070,26383.5,1751.5,9464.75,10.59475,20627,4602.75,0.294,25666,3.25,,3.262580645,,48621,35.577
8/31/2005,782700,763.3474,815141.8,764682.6,727340.2,727340.2,0,0,29300,0,1106.2,9094.4,788074,729381,24063.8,1675.2,9625,11.8586,21313.8,5282.8,0.3028,26998,3.435483871,,3.499677419,,49401.6,34.463
9/30/2005,787900,767.94025,820696.75,768816.5,733289,733289,0,0,28500,0,336.75,9021,793609,733292.25,24729,1974,9860.5,11.83425,21633,4990.25,0.26775,26970,3.591666667,,3.623,,48437,34.418
10/31/2005,787200,768.8135,819207.25,764162.5,738205.25,738205.25,0,0,19250,0,241.75,8923.5,791894.25,734296.25,25238.75,1993.5,8273,10.2665,17602.75,4811.75,0.30575,22838.25,3.75,,3.779354839,,51077.5,34.504
11/30/2005,793500,774.6192,826201.6,774542.2,742735.6,742735.6,0,0,25350,0,112.2,8954,798682.8,741114.6,25964,1731.6,8397.6,10.062,18161,4619.8,0.2894,23139.8,4,,3.999,,50451,34.522
12/31/2005,803100,783.3365,840054.25,788063.5,744194.5,744194.5,0,0,37625,0,99.25,8855,812103.5,750570.5,27875.25,1863.5,8099.75,9.605,19970.75,4899.75,0.3025,25224.75,4.153225806,,4.157096774,,52440.75,35.337
1/31/2006,804200,786.82275,836539,781465,744905.5,744905.5,0,0,29937.5,0,550.5,8801.5,809418.5,750394.5,24751.75,1662.25,8410.25,10.08525,19807.5,4770.5,0.63475,24974.25,4.258064516,,4.28516129,,52881,36.876
2/28/2006,804900,785.378,833804,781704.5,750386,750386,0,0,25312.5,0,165.75,8759.5,806669,751192,23265.75,1522.75,8155.75,9.46625,18854.5,4631.75,0.276,23848.75,4.5,,4.491428571,,54696,35.202
3/31/2006,810100,788.9156,838655.6,788354.8,756651.4,756651.4,0,0,25850,0,118.6,8861,810850,753346.8,23869,1492,7825.4,9.8304,21085.8,4431,0.2458,25856.6,4.532258065,,4.589354839,,50792.4,33.584
4/30/2006,809200,790.5435,838093.75,786971.5,758843,758843,0,0,21500,0,1003,8771.5,809842.75,755158.75,23794.5,1796,8340.5,10.1365,17609,4963,0.28725,22957.5,4.75,,4.790333333,,49529.5,34.426
5/31/2006,812600,794.3058,842451.2,790652.4,760776.2,760776.2,0,0,24200,0,216.8,8678,813762,758992,23797.6,1840.6,8905.6,10.5724,18090.8,4605.2,0.2882,23068.8,4.927419355,,4.940322581,,49680.2,34.784
6/30/2006,812400,794.29725,846038,795298,765942,765942,0,0,23937.5,0,258.75,8596.5,816517.25,758318.25,26462,1777.25,8205.5,9.85025,19104.5,5071,0.25325,24507.5,5.016666667,,4.991,,50309,35.127
7/31/2006,811500,795.91825,846874,795652.75,765573.25,765573.25,0,0,24750,0,337.75,8512.75,817095,759566,28919.75,1576.5,7921.75,9.11625,16701.25,5162,0.272,22242.75,5.25,,5.23516129,,51105.25,35.237
8/31/2006,809700,793.6006,844411.4,794549.2,765215.6,765215.6,0,0,24100,0,606.4,8410,814380.4,758248.2,27360.8,1508,7647,9.7406,17614,4536.6,0.3604,22540.8,5.25,,5.246451613,,51664.8,33.866
9/30/2006,810400,794.46925,844410.75,793080.5,768360.25,768360.25,0,0,19562.5,0,775,8360.5,814260.5,757887.75,28441.5,1720.5,7491.5,9.2115,16287.75,4716,0.33425,21361.25,5.25,,5.254666667,,50583,33.476
10/31/2006,809800,794.13925,849620.75,797625.25,768237.5,768237.5,0,0,24812.5,0,269.25,8290,819316.25,758417,30968,1756.5,6450.5,8.20675,17592,5302.75,0.29425,23286.25,5.25,,5.24516129,,52265,33.489
11/30/2006,816800,800.542,858302.8,808956.8,770975.2,770975.2,0,0,33550,0,180,8247.8,828461.4,765985.4,31099,1668.4,6674.2,8.2238,20088.4,4677.2,0.2916,25167.4,5.25,,5.245666667,,51068.4,33.778
12/31/2006,826700,809.32575,862756.75,812442.25,776598.5,776598.5,0,0,30687.5,0,445,8649.5,832389.5,774898.5,29842.5,1827.75,6537.75,7.84625,15798.5,4732.25,0.2735,20882.75,5.25,,5.238064516,,52667.5,34.803
1/31/2007,823000,808.848,861258.6,810969,778886.6,778886.6,0,0,26400,0,878.2,8661,830235.4,771075,30303.2,1620.2,7220,9.3738,16260,5630.6,0.381,22253.4,5.25,,5.248387097,,54165.2,35.857
2/28/2007,820000,805.36375,867225,816399.5,779365,779365,0,0,32250,0,33.75,8574,835551,770017,37188.75,1452.5,6163.5,7.61625,16327.25,5213.75,0.28,21905.5,5.25,,5.258928571,,55302,34.966
3/31/2007,820900,806.34025,868370.75,820505.75,780854,780854,0,0,35000,0,31.75,8498.5,835834.5,770472.5,38413.75,1589,5807.5,7.396,15868.75,4763.75,0.2535,20959.5,5.25,,5.256774194,,51409.5,33.236
4/30/2007,823000,807.55675,867195.25,817988.5,783437.75,783437.75,0,0,29687.5,0,47.5,8632.75,834588.25,772030.5,34401.25,1618,6567,8.185,14581.75,6804,0.27575,21773.25,5.25,,5.249666667,,50720.5,33.989
5/31/2007,825700,809.5004,875321.4,825981,789556,789556,0,0,31450,0,98,8621.6,842623.6,774065.2,35351,1469.2,7764,8.8182,17573.2,8630,0.2812,26563.4,5.25,,5.253548387,,50780.6,34.947
6/30/2007,827200,811.07925,867222.25,818417,790409.5,790409.5,0,0,22875,0,354,8539,834178,774967,31056.25,1716.5,6997.5,8.75025,16282,5049.75,0.24225,21664.75,5.25,,5.254,,51292.5,35.13
7/31/2007,828900,814.64925,870706,819715.75,790633.25,790633.25,0,0,24187.5,0,223,8462.75,837321.25,778673.5,31780.25,1675,6509.5,7.913,14988,4515.5,0.2765,19934.25,5.25,,5.258387097,,52527.75,34.614
8/31/2007,829600,811.7318,867258.6,818456.4,789095.8,789095.8,0,0,24050,0,874.6,8347.6,833341.6,775963.6,30957,4483.2,6339.2,11.4258,15555.8,4960.2,0.3104,20884.6,5.25,,5.022258065,,53191.6,34.017
9/30/2007,827400,811.89875,878775.5,828767.75,779636.5,779636.5,0,0,42187.5,0,2572.5,8230,844246,775569.5,35031.25,1658,6833.5,8.4915,22664.5,4768.75,0.266,27765.25,5.033333333,,4.938,,51533,33.94
10/31/2007,829000,813.6582,877940.6,827497.6,779596.6,779596.6,0,0,43200,0,210.8,8112.2,842594.8,777939,35907.2,1529.8,6912.4,8.4642,17677,4792,0.3214,23014.6,4.741935484,,4.755483871,,52196.6,33.776
11/30/2007,834300,819.85725,886426.5,834240,779653.75,779653.75,0,0,49625,0,379,8047.75,849857.5,784167.75,35179,1684,6750.75,8.26275,18927,5119.25,0.3095,24431.25,4.5,,4.486666667,,51377,34.102
12/31/2007,837200,820.29375,885789.75,832068.5,769704.25,769704.25,0,0,48625,3500,3998.25,8025.25,848978.25,785509.5,37846.5,1687,6279,7.1905,14742.5,4631.75,0.284,19769.25,4.330645161,,4.244516129,,53893.25,35.365
1/31/2008,830600,817.3666,894807.8,818944,727755,727755,0,0,39650,24000,2314.2,7949.4,857239,779596.8,39348.2,1753.4,7049,9.5374,27078,5653.4,0.3804,33117.2,3.975806452,,3.940322581,,55246.4,36.226
2/29/2008,829500,814.429,881700.25,813529.25,713365.5,713365.5,0,0,34187.5,17000,639,7873.75,843521,779000,39100.25,1625.5,6652.5,8.27775,14981.5,4862,0.317,20235.5,3,,2.980689655,,55897,35.478
3/31/2008,833000,816.6445,890096,839158.5,672403.25,672403.25,0,0,74500,0,16649.25,7803,850055,780964,41993.5,2719.5,7120,9.839,16619.25,5087.75,0.27375,22110.75,2.661290323,,2.610322581,,52394.5,33.889
4/30/2008,830200,813.937,886510.6,803592.2,557467.8,557467.8,0,0,105050,30000,34989.6,7691.2,846559.8,777940.8,40223,1736.2,8006.6,9.4842,17463,4917.8,0.3114,22790.6,2.241666667,,2.278333333,,51422.4,35.284
5/31/2008,834700,817.68625,892986,790932.25,511581,511581,0,0,119875,50500,28446.75,7519,852464,782815.5,38384,1802.5,8887.25,11.06,21143.75,4646.25,0.2965,26160,2,,1.978387097,,50999.5,36.03
6/30/2008,840200,822.827,895391.5,782950.25,481635,481635,0,0,125312.5,62000,20030.25,7420.5,855084.5,786999.5,41433.25,2076,8144.5,9.1935,16775.25,4506.75,0.2745,21641.25,2,,2.001,,51242.25,35.661
7/31/2008,847000,829.9464,905993.4,763250.4,479036,479036,0,0,112750,62000,15530.2,7326.4,865476,794796.4,42397.2,2071,8523.2,11.3768,18170.2,4704.2,0.289,23270.8,2,,2.009677419,,51705.4,35.467
8/31/2008,847600,830.5135,906233.75,762134.75,479486,479486,0,0,108687.5,64500,18180,7236.5,865819.25,795086.5,43686,1822.5,8621,10.44325,16511.75,4919.75,0.33075,21861.5,2,,1.996451613,,52624.5,35.337
9/30/2008,909700,833.9425,1009474,848694.5,481481.25,478981.25,2500,0,104937.5,81975,106570,7178,968384.5,798209.25,55839.5,35067,8039,43.10575,56851.75,5426.25,3.728,109093.75,2,,1.811666667,,52051,35.379
10/31/2008,1136400,849.1222,1727614.6,1217820.6,490634.2,476547.2,14087,0,84600,400903.4,411935.4,7114,1686536.2,815555.6,93774.6,239078.8,10188.4,225.9982,257472.2,21982.8,12.3064,771852.4,1.564516129,,0.969354839,0.841304348,54353.2,36.781
11/30/2008,1442300,864.0745,2145077.75,1261842,489163.5,476432,12731.5,0,80000,533899,302589.5,7046,2103343,829757,100412.75,540411.75,11858,574.333,584907.5,39362.25,13.11825,1166388,1,,0.387666667,0.941666667,55314.75,38.059
12/31/2008,1666400,877.8834,2222737.4,1233658,493252.8,476134.6,17118.2,0,80000,555797,213782.8,7557.4,2179526.4,843403.4,86536.6,747010.6,16299.2,768.9276,782833.4,88723,13.574,1239918.2,1,0.25,0.15516129,0.612903226,55895,37.245
1/31/2009,1712000,886.184,2033836.75,1097499.25,504155.75,475421,23984.75,4750.5,30000,494286,159409,8660.25,1992037,847255.25,78747,816878,23962,840.83975,805587.75,44820.25,3.9105,1056483.75,,0.25,0.154193548,0.25,55807.5,39.566
2/28/2009,1561700,894.1555,1881628.5,1127188.75,545505.25,474812.5,33495,37197.75,0,382057.25,142818.25,10107.5,1840070.5,856381.25,71513,640956.5,20617,661.57275,664331.5,28396,12.19175,901380.75,,0.25,0.222142857,0.25,57306.5,38.769
3/31/2009,1647300,900.752,1984832.25,1301433.75,672642.5,474682.5,45333.75,152626.25,0,321115.5,136645.25,12854,1940356.25,862140.25,67275.25,694917,17605,712.52175,713730.25,64822.5,16.9125,1000038,,0.25,0.180645161,0.25,53023.5,37.109
4/30/2009,1753200,903.4116,2123506.2,1477335,895509,522172.4,60802.8,312533.6,0,289619.4,112807,20527,2077513.6,864372.8,67494,820611.4,21367.2,846.9974,860531.8,62458,14.69,1133995,,0.25,0.150333333,0.25,51436.4,37.21
5/31/2009,1775100,905.5145,2134464,1631261.5,1069589.75,580276.25,75214,414099.25,0,228224.75,125751.75,28988.25,2091171.75,866965.5,67418.75,840576.25,23161.75,859.18275,897397.75,44206.75,3.97,1148477.25,,0.25,0.177419355,0.25,50965.25,37.494
6/30/2009,1683700,907.57575,2057022.5,1654784.75,1164922,631679.75,88682.75,444559.75,0,151992.25,125965.5,33411.75,2010265.5,867999.75,69142.5,775435.25,22566.75,792.0055,787364.75,66621,6.75675,1065514,,0.25,0.206333333,0.25,51324.25,37.759
7/31/2009,1673600,909.5596,2022073.2,1700213,1291021,681896.8,101190.4,507933.8,0,102538,112772.6,37523,1972613.2,870835.4,67857,725680.2,26281.2,755.3832,762550.2,59942.4,4.9576,1027068.6,,0.25,0.155806452,0.25,51601.6,37.636
8/31/2009,1710800,910.77425,2034911.25,1791685.5,1420170.75,728817.25,111812,579541.25,0,70208.25,106763.75,40327,1984577.75,871711.5,67750.5,751279,25027.5,776.3065,795609.25,37600.5,2.51225,1037756,,0.25,0.160322581,0.25,51653.5,37.982
9/30/2009,1801200,912.9694,2122220,1899524.6,1550950,761041.8,125598.8,664309.4,0,60374.4,109436.2,43307.8,2071168.8,873849.4,68645.4,854621.6,24464.8,875.6412,862856.8,58969.2,1.7262,1120602.2,,0.25,0.146666667,0.25,51502.6,38.389
10/31/2009,1936300,915.31675,2173382.25,1972105.25,1662135.75,772673,137909.25,751553.75,0,42006.25,109899,46091,2121675.5,876018.25,63189.25,987589.5,22974,1014.96275,1040375.5,37717,6.318,1171803.25,,0.25,0.118064516,0.25,52692,38.949
11/30/2009,2024600,918.2415,2178795.5,2008654.25,1739993.75,776523.5,151186.75,812283.25,0,28765.25,108961.25,48084.75,2126548.5,880190.25,59881.75,1067539.5,24932,1094.4785,1096798,54953,7.816,1174584.75,,0.25,0.119,0.25,52212.75,39.152
12/31/2009,2026200,924.3148,2219218,2037935.8,1819576.2,776565,157730.8,885281.2,0,14915.8,86597.4,50062.8,2166952.4,885492.4,60559.2,1083514.4,25266.8,1107.1004,1081953,103388.6,4.3112,1206545.6,,0.25,0.118064516,0.25,54356,40.619
1/31/2010,1995000,921.23475,2256424,2086058.5,1892742,776607,161646,954489,0,4398,87607.75,51735,2204216.75,880341.5,63165.5,1033839.5,25334.5,1059.17375,1083380.5,146984.75,14.59125,1245837.75,,0.25,0.11,0.25,54924,41.675
2/28/2010,2115200,927.20975,2267424.75,2107203.75,1943337.25,776581.5,165432.5,1001323.25,0,50,87451.25,52762.5,2214765.5,889401,54577,1155607,21653,1177.25975,1183486.25,63305.75,2.701,1256795.25,,0.25,0.126428571,0.25,56963.5,41.727
3/31/2010,2079600,932.5352,2298183.4,2139615,1997713.2,776629,168097.2,1052987.4,0,0,83570.8,53491.8,2245193.4,893370.6,55857.8,1125231.4,23219.4,1149.8114,1139310.2,63124.6,7.9954,1284073.4,,0.25,0.164516129,0.25,55024.8,40.865
4/30/2010,2014400,935.054,2328737,2167967,2037875.75,776712.5,168924.25,1092238.75,0,0,79108.75,53549,2274555,895461,54374.25,1053137,26114.5,1081.48675,1071591.75,37142.75,4.845,1311320.75,,0.25,0.198333333,0.25,53447.75,40.992
5/31/2010,2012300,937.47425,2336799.5,2177555.5,2051648.5,776813,167794.5,1107041.25,0,4913,76295.75,53069.25,2281998.75,898386.5,56013,1041723.5,25774.75,1065.7005,1077431.5,33293.5,4.338,1312865.25,,0.25,0.200645161,0.25,52527,40.574
6/30/2010,2002400,941.3626,2337481.8,2181847.6,2063288,776951,166002.4,1120334.8,0,2323.2,69578.8,52430.4,2281771.2,901768.8,61370,1036753.4,24426,1059.4678,1034456.6,60238.6,3.4276,1304186.4,,0.25,0.176666667,0.25,52565,40.44
7/31/2010,1994300,944.76475,2332588.5,2174874.25,2060646.25,777009,161408.75,1122228.5,0,1245.5,65804.75,51845.75,2275445.75,904457.75,61819.25,1021201.5,25539,1046.74025,1057388.75,24655.25,5.3105,1294659.75,,0.25,0.182580645,0.25,53380.5,40.813
8/31/2010,1993700,946.0875,2317172.25,2159984.25,2050981.75,779518.75,158118.75,1113344.25,0,741.25,61074,51321.5,2260636.25,906431.5,60188.75,1022951,24070.5,1047.02125,1048396,26762.75,2.03375,1279645.25,,0.25,0.189354839,0.25,54000,40.932
9/30/2010,1961200,951.3304,2301947.8,2147267,2046462.8,797519.8,155146.6,1093796.4,0,58.2,52120.8,51948.2,2245207.8,911840,60894.8,985785.6,25915.8,1012.6864,993323,60097.8,1.8074,1258373.8,,0.25,0.194666667,0.25,52537,41.121
10/31/2010,1961700,960.369,2304649,2146916.5,2047693.5,827549.25,151677.75,1068466.5,0,185.25,48667.25,53658.75,2247689.5,921223,59631.25,973801,24527,998.47175,1008605.75,36154.75,2.24475,1252147,,0.25,0.191290323,0.25,53437,41.163
11/30/2010,1973100,970.89025,2318469.75,2161117.25,2061148.75,867476.25,149133.5,1044538.75,0,61.25,46884,56028.75,2261869.25,932798.75,54646.75,969838.75,25812,995.18725,1001559.5,26756.75,4.99725,1234342,,0.25,0.194333333,0.25,52933.25,40.893
12/31/2010,2017000,979.3902,2392691.8,2237425.4,2130361.4,971591,147832,1010938.4,0,66,45745.8,64138.8,2336147.6,939705.2,52815.4,1001651,28759,1029.6802,1025080.2,67104,2.912,1301342.8,,0.25,0.183225806,0.25,55112.4,42.927
1/31/2011,2047900,978.9125,2443221.5,2299213.75,2200221.75,1071768,146075,982379,0,71.25,33880.25,68179.75,2390165,937503.25,54094.5,1024706,29561,1054.267,1070323.5,92397.75,9.98825,1368614.75,,0.25,0.168387097,0.25,55403,44.136
2/28/2011,2211600,987.0875,2502997.25,2372866.75,2283387.75,1177254.75,144433,961699.75,0,70,21954.5,71158.75,2449968,949080.5,57808.5,1153708,28871.5,1182.5795,1195865.25,64518.75,1.57925,1425988.5,,0.25,0.156785714,0.25,56802.5,44.445
3/31/2011,2395300,1000.6948,2585821,2456851.6,2367169.6,1284279.4,138296.4,944594,0,14,19854.6,73879.6,2533051.6,961209.4,61578.4,1350513.8,29447.8,1377.7518,1377061,62126.6,1.4406,1492924,,0.25,0.138709677,0.25,54762.6,43.523
4/30/2011,2496600,1009.366,2672712.75,2540529.5,2450361.25,1387215.75,129507.25,933638.25,0,0,17691.5,76636.5,2620139.25,970191,55434.75,1453222,31689.75,1488.19625,1489210,76269.75,4.07825,1576399.5,,0.25,0.098,0.25,55021.5,43.841
5/31/2011,2567200,1016.6645,2749065,2617814.75,2527030.75,1480639.25,122521.75,923869.25,0,0,15220,79729.25,2696470.5,977000.75,55823.75,1496287.25,33552.75,1525.77175,1538230.75,99151.25,2.62875,1645722,,0.25,0.093870968,0.25,54362.25,43.324
6/30/2011,2648500,1023.5266,2829826.4,2701485.2,2609374.8,1576371.6,118324,914679.4,0,0,13236.8,82881.2,2776971,983438.4,63968.6,1580510.8,34326.2,1617.673,1608936.6,91834.6,1.66,1711095,,0.25,0.092,0.25,54701.6,43.483
7/31/2011,2684800,1029.57025,2870763.5,2743963.25,2650741.75,1631795.75,114152.75,904793.25,0,0,12390.25,84737.75,2819092,988947.25,66069.5,1621030.5,33796,1654.8265,1659013.25,67466.25,10.33875,1746940.5,,0.25,0.070967742,0.25,55424,44.351
8/31/2011,2657700,1033.0404,2862173,2743322.4,2650671.4,1646768.6,111016.4,892886.8,0,140,11837.8,84544.4,2810359.6,993180.4,93080.8,1585450.6,37435.6,1622.452,1625024.6,21830.4,53.702,1707877,,0.25,0.095806452,0.25,56397.8,45.495
9/30/2011,2637700,1038.7375,2857717,2742126.75,2649605,1660579.75,109022,880003.25,0,268.75,11549,84380.5,2805787.75,997764.25,92660,1551646.25,45755.75,1594.5085,1597338.25,39520.5,56.46575,1698365.25,,0.25,0.084,0.25,56391.25,46.51
10/31/2011,2637800,1042.12925,2854649.5,2739702.25,2643448.75,1672204.5,107968,863275.5,0,1176.5,11262,87881,2802607.75,1001679.25,79524,1550189.5,46108,1599.2815,1605428.25,43220.75,53.31825,1704820.5,,0.25,0.070645161,0.25,57050,46.471
11/30/2011,2605400,1055.2306,2825922.2,2717644.4,2615756.8,1666995,106930.2,841831.4,0,2192.6,10330.4,94154.8,2773071.6,1016241,97347.2,1500291.2,49261,1549.913,1534409,50603.2,56.2952,1643831.4,,0.25,0.081,0.25,56540.4,46.289
12/31/2011,2619600,1066.40575,2891339.75,2734014.75,2624877.5,1676212.5,105127,843537.75,0,54764.5,9452.5,102134.5,2837496.25,1027439,86603.5,1499904.5,48145.5,1548.04975,1560244.75,61352,82.8895,1706610,,0.25,0.071612903,0.25,59796.5,48.672
1/31/2012,2640800,1069.69075,2913951.5,2711002.75,2599444.5,1656829,102347.75,840267.75,0,99429.75,8596,105308.75,2860151,1027480,88137.75,1516437.5,48643,1565.08025,1572756.5,93309.75,69.0315,1727575.75,,0.25,0.081935484,0.25,60033.5,50.277
2/29/2012,2694400,1080.197,2929930,2723835.2,2605644,1661680.8,101225.6,842737.6,0,107604.2,7896.2,112616,2875368.4,1041603.8,87024.4,1555921.8,49894,1607.4156,1622285.2,63693.6,46.5466,1728189.2,,0.25,0.103793103,0.25,61311.2,50.149
3/31/2012,2655200,1095.16625,2887272.5,2729494,2606311.5,1661860.5,98769,845681.75,0,66730,7292.75,118206.75,2832857,1055075.5,88698.5,1511815.75,48227.5,1555.259,1569967,56870.25,46.88275,1670882,,0.25,0.126774194,0.25,58593.25,48.486
4/30/2012,2639800,1099.97775,2868677.25,2741289.5,2612460.5,1672592.75,95681.75,844185.75,0,35823.75,6904,124258.25,2814228.25,1059055,89013.75,1491558.5,50144.5,1550.32125,1543192.75,74495.75,36.31725,1647704.25,,0.25,0.139333333,0.25,58781,48.896
5/31/2012,2616500,1103.6686,2856312.6,2742519.4,2608856.6,1660772.2,93962.4,854122,0,25791,6199.6,129773.2,2801715.4,1063268.2,91247.6,1456535.2,53579.6,1505.4472,1512285,97709,21.4604,1628214.4,,0.25,0.155806452,0.25,57996.6,48.387
6/30/2012,2618800,1108.54525,2863870.5,2756084.75,2616685,1663639.25,92368,860677.5,0,24214,5281.75,136335.5,2809202,1067430.25,85031.25,1458600.5,50161,1508.761,1516808.5,87022.75,31.787,1636615.75,,0.25,0.161666667,0.25,57384.5,47.784
7/31/2012,2647800,1113.75575,2858675.25,2748835.25,2605156.25,1657284.5,91256.5,856615.25,0,28865.25,4358.25,141406.75,2803999.75,1072393.75,88286.75,1476177,51065.5,1527.24225,1535164.75,67430.75,29.1035,1627464,,0.25,0.156451613,0.25,58143,48.719
8/31/2012,2650700,1115.8662,2835816.6,2735336.2,2586849.4,1644927,89115.8,852806.6,120,28643.2,3231.6,147061.4,2781133.6,1075851,91671.8,1483553.8,54927.6,1536.8964,1541149.4,27480.6,34.5614,1602641.4,,0.25,0.132258065,0.25,58552.8,49.219
9/30/2012,2594900,1126.38875,2817912,2730798.5,2577924,1648553.5,86230.75,843140.25,0,18080.75,1979.75,152666.5,2763204.25,1084889,91584,1417852.75,58482.5,1475.56725,1480612.25,51596.25,40.73125,1575848.75,,0.25,0.144333333,0.25,57842.25,48.827
10/31/2012,2611800,1134.6226,2826231.2,2742233.8,2584715,1651524.6,82709,850481.8,0,12691.8,1436,157741.4,2771488.4,1094465,93672.4,1412897.6,59164.4,1474.261,1461662,69670.6,27.106,1571885.8,,0.25,0.158387097,0.25,59208.6,48.855
11/30/2012,2646800,1149.0195,2857639.5,2775645.25,2613207.25,1651314,80592.5,881301.25,0,12262.5,1045.25,162973.75,2802565.25,1108331.5,93384,1433264,62409.5,1495.67325,1517626.75,20642.75,41.5225,1586517.5,,0.25,0.160666667,0.25,58904,48.604
12/31/2012,2675900,1156.69525,2901149.5,2822391.25,2654302,1657545.25,78658,918099,0,11246.75,815.75,168814.5,2846430.5,1116972.5,99894.75,1458271,58489.5,1516.76025,1521887.5,45881.5,42.75325,1615242.5,,0.25,0.164516129,0.25,63680,52.959
1/31/2013,2741700,1160.0824,2966026,2886239.4,2713301,1687612,75695.4,949993.8,0,8410.2,573,173978.2,2911289,1117152.4,95441.4,1509784,62557.6,1570.1814,1583955.6,72304.2,31.3046,1688350.6,,0.25,0.142580645,0.25,64070.4,54.41
2/28/2013,2845300,1164.5845,3068737.5,2994267.75,2813440,1732915,74481.25,1006043.75,0,4942.75,451.5,182044.5,3013797.5,1124544.5,91829.25,1614290.75,63214.25,1672.1375,1696785.25,36791,52.35425,1786471.5,,0.25,0.145,0.25,64176.75,53.308
3/31/2013,2935000,1174.35375,3170836.25,3096299.25,2909033.5,1777715.25,73005.5,1058312.75,0,8140.25,393.5,188534.25,3115754,1133399.5,92780.75,1692308.25,62405.5,1759.689,1783433.75,50439.25,38.704,1877914.25,,0.25,0.143548387,0.25,61116.25,50.941
4/30/2013,3011700,1178.421,3264238,3186085,2993538.75,1820347.5,72145.5,1101046,0,7977.75,413.75,193786.5,3209103,1136995,94119.75,1766404,61939.75,1829.72,1821976.75,100343,29.725,1966584.5,,0.25,0.145,0.25,61721.75,51.737
5/31/2013,3116900,1185.0258,3355983.8,3282357.6,3084787.8,1865507.6,71820.4,1147460,0,6435.2,414,198834.8,3300798.2,1144083.8,89551.4,1838545.2,68674,1908.591,1926666.2,85447.4,41.217,2056784.2,,0.25,0.109032258,0.25,61406.6,51.262
6/30/2013,3201500,1189.69325,3440056.75,3370849.25,3170349.75,1912802.75,70774,1186774,0,1698.5,363.75,202237,3385071.5,1147832.5,89404,1942912.5,63512.5,2006.4245,2003277.75,72966.75,47.021,2139060.25,,0.25,0.093666667,0.25,61721.5,52.302
7/31/2013,3290900,1196.5808,3536213.8,3462950.8,3261185.6,1961857.6,67584.6,1231743.4,0,1519.2,352.4,204232,3481203,1154963,88586.6,2025482.6,63341.4,2087.1316,2099129.2,81825.2,37.3128,2229047.4,,0.25,0.092580645,0.25,62965.4,53.48
8/31/2013,3398900,1198.79825,3630451.5,3558890,3358807.75,2007561.75,65915,1285331.25,0,899,311.5,203893,3575411.5,1157542.25,94518.75,2129602.25,64580.75,2190.7845,2206152,46606.75,40.20225,2313721.75,,0.25,0.082903226,0.25,63302,53.576
9/30/2013,3486900,1206.3275,3693106.75,3625351.25,3427579.5,2047109.25,64308.25,1316162,0,290.5,281,203638.75,3638223.5,1163704,95266.25,2208122.75,66559.5,2276.101,2277721.25,43327.5,35.0485,2369637.25,,0.25,0.08,0.25,62105.5,52.771
10/31/2013,3589500,1213.4248,3800415.6,3727043.2,3529791,2096585.4,59925.8,1373279.6,0,302.6,240.6,204907.8,3745535.4,1172007.8,107130,2293907.4,67628.4,2364.8112,2378605,35841.6,33.523,2455833,,0.25,0.087096774,0.25,63131,52.839
11/30/2013,3684600,1220.8445,3897885.75,3826255.75,3628525.75,2144303,58726,1425496.75,0,272.25,174,206981.75,3843002.75,1179289.75,107822.75,2386864.5,70645.5,2457.50975,2474404.5,39536.75,19.75475,2545619,,0.25,0.084333333,0.25,64065.5,54.04
12/31/2013,3717500,1230.286,3991804.5,3921677.5,3724210.75,2190407,57508.75,1476295,0,272.5,176.75,208691.75,3936813.75,1189019.25,127139,2434735,68287.5,2503.022,2492003.25,66190,24.084,2610333.25,,0.25,0.08516129,0.25,65922,55.771
1/31/2014,3728500,1231.6314,4064681,3990204.2,3794418.6,2223451.6,55522.2,1515444.8,0,262.2,131,208786.8,4009655.4,1187606.4,204059.6,2406869,74967.6,2479.5286,2463957.2,110687.8,30.7238,2609375.2,,0.25,0.071612903,0.25,67726.4,58.248
2/28/2014,3833400,1237.5345,4134488.75,4061377.75,3867267.25,2265050,51411,1550806.5,0,359.75,101.25,208979.25,4078825.5,1197243.75,203686.25,2511043,76835,2587.04875,2592460.5,46791,23.63025,2670387,,0.25,0.066428571,0.25,67488,56.248
3/31/2014,3885900,1261.586,4200543.75,4129585.75,3936391.75,2300431.25,49377,1586584,0,458,108,209453.75,4144459.25,1220405.5,176007,2548330.25,78787.75,2634.68975,2636730,73910.25,13.3215,2740848.25,,0.25,0.078064516,0.25,63892.25,53.674
4/30/2014,3930700,1270.1276,4271396.8,4195620.8,4003166.8,2334953.8,46242,1621970.8,0,385.6,105.4,209815.6,4215284.2,1227606.4,226999.6,2571121.6,80166.6,2648.2016,2615722.6,118955.6,15.6388,2753221.8,,0.25,0.090333333,0.25,65003.8,54.531
5/31/2014,3911500,1275.94825,4322501.5,4247980,4056000,2363551,44523.5,1647925.5,0,268.5,142.75,209712,4266199.5,1233746.5,299193.25,2545590,83256.5,2628.84625,2645028.25,53507.5,15.59375,2725297.5,,0.25,0.087096774,0.25,63263,53.203
6/30/2014,3948700,1279.37525,4352084.25,4280373,4089046.75,2388109,43870.5,1657067.25,0,162,197.25,209419,4295769.75,1236274,215064.5,2602295,80907.5,2683.20225,2670737.75,82501.25,10.939,2836590.75,,0.25,0.095666667,0.25,63178.5,53.914
7/31/2014,3989100,1284.825,4395203.2,4318135.8,4127094.8,2411464.6,42949,1672681.2,0,104.8,230.4,209367,4338882.4,1242272,237253.8,2602222.8,84314.2,2688.504,2693169.2,69451,13.6678,2852243,,0.25,0.090967742,0.25,64134.6,55.019
8/31/2014,4075000,1287.50325,4417173.5,4342878.75,4151875,2429385,41703.25,1680786.75,0,75.5,291.5,209387.25,4360843,1244827.75,253398,2702421.5,86137.25,2786.2725,2784248.25,49941.5,18.4165,2855112,,0.25,0.088064516,0.25,64682.25,55.173
9/30/2014,4049200,1290.7725,4436408.25,4365838.75,4174843.25,2443205,40784,1690854.25,0,62.75,340.5,209337.75,4380059.75,1247030.75,257964,2688205.5,82367.75,2773.7575,2765450,73944.5,15.73425,2867627.75,,0.25,0.088333333,0.25,64262.75,55.202
10/31/2014,4001500,1294.0368,4469678.6,4394885,4204217.6,2456463,39822.4,1707932.2,0,48,225.8,209172.6,4413255,1251338.6,256582.4,2630583.6,85458.2,2713.3552,2715835.6,111309.2,14.136,2897667.6,,0.25,0.089032258,0.25,64733,54.648
11/30/2014,3830400,1309.49225,4488542.5,4416188.25,4226174,2461612.5,39444.25,1725117.75,0,0.5,129.5,208496,4432009.75,1268209.25,238659.5,2447892,86085,2533.9765,2534130.75,87686.75,12.3895,2917857.5,,0.25,0.092,0.25,64624.5,55.521
12/31/2014,3934500,1326.6982,4496884.8,4426424.2,4237327,2461492.8,38677,1737157.2,0,312.6,114,207444.4,4439869.6,1285487.2,309584,2504551,83245.2,2585.2148,2527025.8,135818,13.5966,2838232.6,,0.25,0.122580645,0.25,68859.8,59.236
1/31/2015,4017100,1333.447,4507150.25,4431691.5,4243591,2461014,38132.5,1744444.25,0,384.75,59.75,206353,4450002.75,1288167.5,251740,2594833.5,89840.25,2685.5115,2701235.25,181658.75,16.67575,2903274.25,,0.25,0.11483871,0.25,70894.25,61.875
2/28/2015,3840500,1341.2565,4496402.25,4426011.5,4239116.5,2460409.25,37054.75,1741652.75,0,0.75,11.25,205059.5,4439092.25,1299978.25,279362.5,2434645.5,88920.25,2501.813,2514980.75,101956.5,13.92125,2852895.5,,0.25,0.110714286,0.25,70537.5,59.204
3/31/2015,4030600,1354.764,4488338.25,4421993.5,4236299.25,2459847.25,36877,1739575,0,1.75,13,203721.25,4430752,1311713.75,277732.25,2554214.25,91712.5,2674.9785,2677870.75,59642,13.47175,2833933.75,,0.25,0.112903226,0.25,67434,57.66
4/30/2015,4059400,1359.9262,4482355.6,4411015.4,4226936.6,2459806.2,36287.8,1730842.4,0,162,50.2,201912.2,4424670.4,1316413,270222.6,2606686,92838.4,2695.5958,2681595.4,133566.6,16.9948,2829796,,0.25,0.124666667,0.25,67971.6,57.78
5/31/2015,3949400,1364.56975,4479564,4409864,4226954.25,2460410.25,35895,1730649.25,155,0.5,84.25,200403.25,4421527.5,1321491,266399.75,2497338.5,92819,2590.157,2594741.75,192963.25,20.8715,2825100.5,,0.25,0.123225806,0.25,67185.5,57.374
6/30/2015,3919600,1366.158,4479059.25,4411395.25,4229760.75,2460830,35895,1733035.75,0,57.25,164,199071,4420800,1321668.5,254912.5,2474765,87903.5,2562.6685,2555185,212287,15.914,2836449.25,,0.25,0.129,0.25,66885,57.99
7/31/2015,3961200,1369.7752,4488001.4,4415558.4,4235257.2,2461238.4,35574.2,1738444.2,0,423.2,184.2,197571,4429711,1326212,283288.4,2484422.8,90732,2577.7664,2604661.4,189612.8,21.8854,2813101,,0.25,0.130322581,0.25,67881.6,58.458
8/31/2015,3984000,1375.05275,4484473,4414293.5,4235440.5,2461739.5,35093,1738608,0,200.75,253.25,195914.5,4426259,1331616.5,239254,2500296.5,95014.5,2592.0775,2609638,166991.75,20.975,2847945,,0.25,0.138064516,0.25,67012.5,57.795
9/30/2015,4028500,1383.8722,4484700.6,4417087.2,4239509.8,2461944.4,35093,1742472.2,0,356.4,258.6,194467,4426304.6,1340279,328169.6,2555720.4,93690.8,2649.3856,2574616.8,148433.2,22.756,2750689.6,,0.25,0.136,0.25,66992.8,57.321
10/31/2015,4060500,1391.429,4495400,4422106.5,4245731.25,2461855.5,34619.5,1749256.25,0,142,200,193104.5,4436813.5,1347584.25,305309.75,2580269,89951.5,2670.22025,2685637.5,59337.75,28.5225,2775935.25,,0.25,0.123548387,0.25,68322.5,57.751
11/30/2015,4006700,1402.991,4486380.75,4416887,4241865,2461695.5,33545,1746624.25,0,144.75,110.5,191699.75,4427725.5,1360359,297701.25,2532965.5,88606.5,2621.57175,2634029,101843.25,26.32575,2762099.75,,0.25,0.117666667,0.25,67825.5,58.237
12/31/2015,3835800,1415.0438,4486241.6,4418088.2,4244114.8,2461577.6,32944,1749593.2,118,466.4,187,190309.6,4431387,1372008.2,349800.4,2350309.8,89861.4,2458.6294,2416404,250035.4,27.0052,2702019,,0.379032258,0.240645161,0.370967742,71182.6,61.413
1/31/2016,3792700,1417.33125,4489872.5,4416530.25,4244184.75,2461423,32131,1750630.75,0,335.5,81,188757.5,4450368.25,1370990.75,319536.75,2274228.5,94766,2348.5185,2403918.25,324174.75,28.125,2752854,,0.5,0.342903226,0.5,73183.25,63.904
2/29/2016,3872500,1420.97625,4485799.5,4415127.25,4244013.5,2461183.5,31318,1751512,0,92.25,28.25,187457.5,4446282,1377977,290016.25,2347198.5,92058.25,2429.15075,2460121,262001.5,21.7845,2771189,,0.5,0.375172414,0.5,74114,62.053
3/31/2016,3898400,1436.8766,4484319.6,4416786,4246872.2,2461239.2,30081.4,1755551.2,0,72,22,186261.8,4444585.4,1393447.8,308397.8,2366164.2,93402.8,2465.5728,2450648.2,254877,25.487,2735548.6,,0.5,0.362258065,0.5,70032,59.303
4/30/2016,3872900,1444.63825,4487148.5,4414064.75,4245468.75,2461379,28176.5,1755913.25,0,56,53,184801.25,4447101.75,1400447,265667.25,2336553.5,96750.5,2433.30375,2433714.5,302876,37.28425,2773403.25,,0.5,0.365333333,0.5,69534,59.274
5/31/2016,3836500,1450.9975,4472633.25,4401723,4234574.25,2461613,26096,1746865.25,152.5,803,80.5,183005.25,4432572.75,1406850.75,292744.5,2277298,100560,2377.85775,2383188.25,291004.25,34.83225,2725875.25,,0.5,0.36516129,0.5,69433.5,59.699
6/30/2016,3825500,1457.5058,4469248.6,4400784.4,4235034.2,2462032.2,25096,1747906,0,161.8,120.8,181618.6,4429144,1413044.2,319575,2277724.6,100179.2,2378.1972,2354480.4,293675.2,39.7582,2688989.6,,0.5,0.377666667,0.5,69598.2,60.455
7/31/2016,3772500,1463.67725,4472069.5,4397284.75,4232746.25,2462595.75,23794,1746356.75,0,1394.75,233.25,180142,4431969.75,1418159.75,318798.5,2204315,100855.5,2303.4595,2321517.75,312281.75,51.039,2687539.25,,0.5,0.391612903,0.5,71319,61.524
8/31/2016,3816700,1464.3406,4466789,4396959.2,4233495.8,2463290.2,22492,1747713.8,0,596.6,206.6,178930,4426657.8,1419719.2,342881.6,2245757.8,103692.8,2350.5258,2338709.2,254606,42.2466,2656727.6,,0.5,0.396774194,0.5,71691.4,61.232
9/30/2016,3735900,1470.25,4466515.75,4398014.5,4235440,2463529.5,21492,1750418.75,0,162.25,218.5,177886.75,4426359,1424567.5,395145.75,2171348,108292,2279.63975,2246718,297266.25,46.71875,2598846.25,,0.5,0.396333333,0.5,70047.5,59.787
10/31/2016,3572100,1475.81075,4459703.25,4384301.5,4223083.25,2463508.5,19492.5,1740082,0,3486,123.25,176491.5,4419524.75,1430938,443916.25,1979970,104655.5,2084.625,2099075,378758,44.88125,2537877.5,,0.5,0.396451613,0.5,71365.5,60.933
11/30/2016,3629800,1488.5398,4454779.2,4386251.8,4226056.8,2463724.8,18493,1743839.2,0,905.4,36.4,175410.8,4414488.8,1444651.6,394137.2,2032849,107682.6,2135.8016,2124674.6,384394.6,52.257,2568955.6,,0.5,0.406666667,0.5,70991.6,61.355
12/31/2016,3531600,1499.35475,4460032.75,4390050.25,4231125.25,2463548.5,17336.5,1750240,14.75,3093.5,54.5,174001,4419607.25,1455520.5,496589.5,1939574,105579.5,2064.45975,2040726.75,357285.5,57.084,2460677.25,,0.64516129,0.54,0.637096774,74595.25,64.28
1/31/2017,3595500,1504.57875,4454801.5,4381491.25,4224287,2463526.25,16180,1744580.75,0,2317.25,24.25,172257.5,4414355.25,1457455.5,420644.75,1954794,107996.5,2044.5665,2091230.75,384873.5,54.64825,2528939.75,,0.75,0.649677419,0.75,75922.75,65.766
2/28/2017,3746400,1504.65475,4458373.75,4390217.25,4234220.25,2463441,15129.5,1755649.75,0,259,9.75,171038,4417875.5,1460285,388891.75,2103908.25,109534,2215.44525,2226745,282153.25,49.4125,2561633,,0.75,0.656785714,0.75,76638,64.956
3/31/2017,3856300,1527.1188,4467057.8,4401105.2,4246045.4,2463851.8,13329,1768864.8,0,913.2,10.4,170050.6,4426500.6,1483837.4,468353.2,2205413.6,109544.6,2317.218,2322230.4,71062,69.2472,2466948.8,,0.879032258,0.786129032,0.879032258,72233.6,61.525
4/30/2017,3821700,1539.4725,4477134.5,4405237.75,4251207,2464592,12579,1774035.75,0,1308.75,38.5,168913.5,4436535,1494646.25,376962.25,2181416.5,112245.5,2293.6615,2290721,175610,90.84,2557276.25,,1,0.896,1,74046.5,63.392
5/31/2017,3774400,1548.1632,4468515.8,4401135.8,4248248,2464720.2,10032,1773496.2,24.8,36.4,59.8,167657.8,4427756.6,1503459.2,438954,2107583.8,115593.4,2218.109,2200836.4,183488.8,86.3306,2478068,,1,0.907419355,1,73039.8,63.167
6/30/2017,3762800,1555.20975,4469079,4401394,4249430,2464914.5,8281.25,1776234.5,0,38.25,111.25,166633.5,4428242.5,1509743.75,439225,2094856,117905.25,2229.8965,2196193.5,185356,80.11625,2471379.25,,1.133333333,1.04,1.133333333,72757.5,63.137
7/31/2017,3795400,1562.5925,4469040.25,4396451.75,4245468.5,2465133,8097,1772238.75,0,812.75,174,165497,4428193.25,1516646.25,410772.5,2098825.25,118760.5,2207.9415,2238215.75,175004,81.86025,2493918.25,,1.25,1.150645161,1.25,73667.75,63.606
8/31/2017,3910000,1565.2882,4462999.4,4395161.2,4245264.6,2465247.2,7561,1772456.4,0,35.8,216,164282,4422063.2,1520199.2,367740,2211834,121927.6,2332.8364,2332598,107159.2,80.3296,2526822.2,,1.25,1.157096774,1.25,74320.4,63.158
9/30/2017,3874500,1578.29525,4459721.25,4393086.75,4244310.5,2465408,6757,1772145.75,0,49,223.25,163050.75,4418581.25,1532914,406821,2185119,122524,2307.643,2281372,104561.25,85.183,2471690.5,,1.25,1.153333333,1.25,72675.5,62.14
10/31/2017,3829900,1583.26425,4462669.25,4391316.25,4243561.5,2465597.25,6757,1771207,0,932,161,161977.25,4421456.5,1537266.25,366457.25,2119159.5,115550.5,2234.70975,2248244.75,172781,85.32775,2510822.25,,1.25,1.153870968,1.25,76905,65.2
11/30/2017,3907700,1592.1306,4450387,4383088.6,4236435.8,2458046.8,5810.6,1772578.4,13,36.4,56.4,160853,4409136.4,1547368.2,292483,2185396,122863.8,2305.2402,2311579,164166.8,84.7598,2562104.8,,1.25,1.157,1.25,74572.4,63.827
12/31/2017,3851000,1604.5445,4446506,4376116.75,4230614.5,2454296.5,4391,1771927.5,0,3035.5,82.75,159589.75,4405168.5,1560541.75,353109,2140865,122984.25,2287.06025,2265412.5,136041,83.33075,2484266,,1.39516129,1.301612903,1.39516129,76279.75,65.549
1/31/2018,3824800,1611.3406,4437893.4,4360194,4216121.4,2445329.2,4391,1766401,0,4999.4,71.8,158111,4396478.4,1563876.6,305643.6,2077049.6,127160,2188.66,2202318.6,235401.4,78.549,2520572.4,,1.5,1.414516129,1.5,77355,66.417
2/28/2018,3855100,1616.28075,4415167.25,4344693.75,4202044.25,2432168.25,4391,1765485,0,60,27,156705.5,4374212,1572187.75,276642,2114769.5,124006,2238.77525,2229907,197818.25,86.2475,2519275.5,,1.5,1.4175,1.5,78788.5,66.481
3/31/2018,3800600,1633.03775,4399193.75,4331800.25,4190563,2424642.5,4391,1761529.5,0,71.25,14,155281,4360026.75,1587593.75,243833.5,2053282.5,120156,2173.43825,2176392.25,255750.75,81.892,2522270.25,,1.580645161,1.506129032,1.580645161,75235.5,63.866
4/30/2018,3727100,1639.95075,4382144.25,4309832.75,4169986.5,2413097,4391,1752498.5,0,1313.5,46,153794.75,4342910.5,1594294.5,249155.75,1976985.5,125012,2101.9975,2076420.5,335604.5,82.19275,2493522,,1.75,1.692333333,1.75,75875.5,64.855
5/31/2018,3674800,1650.8788,4343353,4276012.2,4137654.4,2390418.4,4391,1742845,25.8,84.4,116.6,152138.8,4304027.8,1605832.4,250715,1892046,128590,2019.6462,2021538.4,339193.4,75.7602,2441436,,1.75,1.7,1.75,74057.4,64.124
6/30/2018,3650500,1661.27175,4316371,4249415,4112737,2378061,2904.5,1731771.25,0,86.5,157.5,150488,4276991,1615125.25,251203.25,1870897.75,124927,1999.9195,1997015.5,328671.75,76.4345,2404159.75,,1.891666667,1.819666667,1.863333333,74400.75,64.525
7/31/2018,3618300,1669.05675,4287565.25,4216443.5,4081135.5,2360135,2409,1718591.5,0,350,207.25,148991.25,4248662.75,1622503.25,257204,1824435,124803.75,1947.5775,1958078,329189,75.36175,2362866.5,,2,1.91,1.95,75551,64.792
8/31/2018,3584500,1671.608,4238067.8,4171894.6,4038076,2329464.2,2409,1706202.6,0,93.2,265,147370,4199093,1626490,239864.2,1791310.2,125379.4,1915.7324,1926914.2,324051.6,72.6946,2326667.2,,2,1.91483871,1.95,76447.6,64.929
9/30/2018,3559800,1685.51475,4205069,4140723.5,4008366,2313205,2409,1692752,0,92.75,344.75,145745.75,4166038,1639048.75,230823.25,1755852,126243.5,1882.0955,1870625.5,347224,71.063,2290216.25,,2.033333333,1.954666667,1.983333333,74523.5,64.145
10/31/2018,3520900,1690.1318,4167971.4,4100500.8,3969789.8,2289459.2,2409,1677921.4,0,82.6,251.8,144059.6,4128858.2,1644349.8,226036.8,1706135.2,124260,1828.0068,1828928.6,349413,70.5142,2252655.6,,2.25,2.187741935,2.2,76089.6,65.781
11/30/2018,3476300,1701.60225,4122799,4056974,3927951.5,2261764.5,2409,1663778,0,63,108.5,142424,4083675.25,1655675.75,232283.25,1651829,126097,1780.9755,1786135.5,323627.5,71.3885,2189711,,2.25,2.197666667,2.2,76552.5,65.537
12/31/2018,3400700,1706.89225,4083567,4018797,3891230.25,2240633.75,2409,1648187.5,16.5,1147.75,74.5,140969.75,4044406.5,1661360,242135,1580691.5,122963,1708.51025,1699454.25,353951.25,76.53425,2134654.25,,2.346774194,2.274193548,2.277419355,80230.5,68.462
1/31/2019,3346900,1709.7258,4050343,3981009.8,3854999.4,2221055,2409,1631535.8,0,908.8,16.2,139348.2,4011208.4,1661303.2,259128.6,1507524,131572.4,1635.1592,1623576.2,388416.8,71.6618,2085322.2,,2.5,2.4,2.4,80560,68.226
2/28/2019,3353500,1707.78425,4002697.75,3937217.75,3812691.75,2193902.5,2409,1616381,0,73.25,17.25,137746.75,3963541.75,1662084.5,250255.5,1518295,124669,1642.964,1648808.75,331510.5,61.892,2045713.75,,2.5,2.4,2.4,81621.5,68.45
3/31/2019,3381500,1719.26225,3964764.5,3902978.5,3779794.25,2175508,2393.5,1601892.75,0,66.5,13.75,136338.75,3925493.25,1673912.5,239771.75,1540933.5,128460.5,1669.39375,1675068,265583.5,61.3135,2005875.25,,2.5,2.40516129,2.4,77015.5,64.64
